<?xml version="1.0" encoding="UTF-8"?>
<project-private xmlns="http://www.netbeans.org/ns/project-private/1">
    <editor-bookmarks xmlns="http://www.netbeans.org/ns/editor-bookmarks/2" lastBookmarkId="0"/>
    <open-files xmlns="http://www.netbeans.org/ns/projectui-open-files/2">
        <group>
            <file>file:/C:/Users/akhma/OneDrive/Documents/NetBeansProjects/healthassistant/src/healthassistant/Emergency.java</file>
            <file>file:/C:/Users/akhma/OneDrive/Documents/NetBeansProjects/healthassistant/src/healthassistant/Option.java</file>
            <file>file:/C:/Users/akhma/OneDrive/Documents/NetBeansProjects/healthassistant/src/healthassistant/RumahSakit.java</file>
            <file>file:/C:/Users/akhma/OneDrive/Documents/NetBeansProjects/healthassistant/src/healthassistant/Konsultasi.java</file>
            <file>file:/C:/Users/akhma/OneDrive/Documents/NetBeansProjects/healthassistant/src/healthassistant/MainMenu.java</file>
        </group>
    </open-files>
</project-private>
